{
  "1": {
    "2025-09-30_08-50-40": {
      "mean_kl_divergence": 1.978379207464341e-05,
      "stdev_kl_divergence": 2.0546158839450015e-06,
      "min_kl_divergence": 1.7746291627976883e-05,
      "max_kl_divergence": 2.1855106014781684e-05,
      "individual_trials": [
        1.9749978581171666e-05,
        1.7746291627976883e-05,
        2.1855106014781684e-05
      ]
    },
    "sample size": 5000
  }
}