{
  "1": {
    "2025-09-30_08-22-54": {
      "mean_kl_divergence": 0.009319763305237976,
      "stdev_kl_divergence": 0.0034860979703227064,
      "min_kl_divergence": 0.004741071641607603,
      "max_kl_divergence": 0.016939390903283644,
      "individual_trials": [
        0.010825910327638348,
        0.004741071641607603,
        0.0110769017694856,
        0.007042105981387733,
        0.010921610274526391,
        0.016939390903283644,
        0.00625117203724981,
        0.006590355196724421,
        0.008978636504586067,
        0.009830478415890131
      ]
    },
    "sample size": 20
  }
}