{
  "1": {
    "2025-09-30_09-49-17": {
      "mean_kl_divergence": 0.0009014446585116484,
      "stdev_kl_divergence": 0,
      "min_kl_divergence": 0.0009014446585116484,
      "max_kl_divergence": 0.0009014446585116484,
      "individual_trials": [
        0.0009014446585116484
      ]
    },
    "sample size": 100
  }
}