{
  "1": {
    "2025-09-29_19-11-19": [
      {
        "mean_kl_divergence": 0.0087181408597254,
        "median_kl_divergence": 0.008508196393060656,
        "max_kl_divergence": 0.012969258850105117,
        "stdev_kl_divergence": 0.0020892004806259594,
        "positions_analyzed": 48,
        "min_samples_per_position": 5000,
        "max_samples_per_position": 5000,
        "raw": [
          0.006689305840756197,
          0.012910472280304786,
          0.006224800579595012,
          0.00771862888388136,
          0.005496508736582138,
          0.008399311323651314,
          0.010889240618079981,
          0.007805666768134463,
          0.00821048558296643,
          0.012969258850105117,
          0.007785763406756562,
          0.0056504005017506305,
          0.01122405241451149,
          0.005925639080903577,
          0.007806643980299547,
          0.005343134151443923,
          0.011719688605909351,
          0.008346145196249832,
          0.008156417023970061,
          0.01292036596702176,
          0.007599515696164729,
          0.008691783940621294,
          0.0100060540801718,
          0.01008598659611572,
          0.008643173704299876,
          0.007677440444724377,
          0.0059386495327108345,
          0.010983290572189499,
          0.005039791885033447,
          0.008523742871376055,
          0.007156614424741083,
          0.009097482732966181,
          0.010807341258088975,
          0.007409640134932608,
          0.008508196393060656,
          0.0103673574387785,
          0.007464743498645424,
          0.0065562140653555555,
          0.010264781943918024,
          0.009610647963185958,
          0.006420385347630514,
          0.00965997114618778,
          0.011484691413877568,
          0.011012198576243698,
          0.00800710531669702,
          0.01003599853941009,
          0.010637520151715546,
          0.008588511805102842
        ]
      },
      {
        "mean_kl_divergence": 0.008718517491285995,
        "median_kl_divergence": 0.008404691410751293,
        "max_kl_divergence": 0.013000372939854008,
        "stdev_kl_divergence": 0.001890127112149932,
        "positions_analyzed": 48,
        "min_samples_per_position": 5000,
        "max_samples_per_position": 5000,
        "raw": [
          0.008152816605304411,
          0.0075416291303795945,
          0.005851045759591839,
          0.01275501137811107,
          0.010811730419938513,
          0.007635990277047377,
          0.010855321393830174,
          0.008980972619053413,
          0.00941556455124281,
          0.007263055266753642,
          0.007504789433216009,
          0.007068839354245255,
          0.00916917792385266,
          0.012027662925672273,
          0.006418218851392692,
          0.008515395404769678,
          0.008326851655358233,
          0.007434618577059085,
          0.009357128245834592,
          0.004515965684487913,
          0.011439931677647511,
          0.009009702811346065,
          0.00912392486798511,
          0.013000372939854008,
          0.011525068307880453,
          0.0063044847297453,
          0.011195848342169717,
          0.007850891350629077,
          0.005055188142158254,
          0.008899038423019218,
          0.009315037903598642,
          0.009402185125111711,
          0.007628611534918855,
          0.01179671772411028,
          0.00837854875304769,
          0.00651252664387645,
          0.010725324566518259,
          0.008725505899168241,
          0.008198776210949256,
          0.008105413633984968,
          0.007975308657343156,
          0.0082180459043849,
          0.008038297289933348,
          0.008404691410751293,
          0.0068416359408795995,
          0.008170184016102588,
          0.010108871571108659,
          0.008936919746363917
        ]
      },
      {
        "mean_kl_divergence": 0.008517468915686903,
        "median_kl_divergence": 0.008185318157634576,
        "max_kl_divergence": 0.015021431238240485,
        "stdev_kl_divergence": 0.0021363265755588944,
        "positions_analyzed": 48,
        "min_samples_per_position": 5000,
        "max_samples_per_position": 5000,
        "raw": [
          0.009092674405333631,
          0.007633469147319603,
          0.009360384251197187,
          0.006379814107668071,
          0.007705158076694563,
          0.007253773553231577,
          0.008222455024154491,
          0.007685456259032216,
          0.006317368565109361,
          0.008185318157634576,
          0.008548024038389756,
          0.006457754901573949,
          0.011016734705751945,
          0.006165084926232906,
          0.00982792406322638,
          0.007615666376418369,
          0.01186101873878747,
          0.009958645706872733,
          0.007239337242947451,
          0.008003888372197246,
          0.010231310247972879,
          0.009781820002500045,
          0.01211776850957246,
          0.008694594820354175,
          0.006962510401306368,
          0.012133892409168803,
          0.009668290371537287,
          0.015021431238240485,
          0.005203827788186521,
          0.005764318462417002,
          0.005631031899765618,
          0.010873913793777633,
          0.010110430941941473,
          0.0132874599582807,
          0.007001281391885463,
          0.0073848894367902615,
          0.006842994797564676,
          0.00917211020559663,
          0.0077973207743054695,
          0.00823714052286724,
          0.00771794137053218,
          0.011281721088583531,
          0.008220217509720976,
          0.007095301015653317,
          0.006794551403319893,
          0.007453572196031129,
          0.008491610813983223,
          0.0053353039613424046
        ]
      }
    ],
    "sample size": 5000
  }
}