{
  "1": {
    "2025-09-29_19-12-06": {
      "mean_kl_divergence": 0.5849985498083164,
      "stdev_kl_divergence": 1.790847484237375e-05,
      "min_kl_divergence": 0.5849792411351463,
      "max_kl_divergence": 0.585014614669567,
      "individual_trials": [
        0.5850017936202363,
        0.5849792411351463, 
        0.585014614669567
      ]
    },
    "sample size": 5000
  }
}