{
  "1": {
    "2025-09-29_14-41-24": [
      {
        "mean_kl_divergence": 0.07402433589458261,
        "median_kl_divergence": 0.07470626465699681,
        "max_kl_divergence": 0.10915289828597811,
        "stdev_kl_divergence": 0.01648389307769327,
        "positions_analyzed": 48,
        "min_samples_per_position": 500,
        "max_samples_per_position": 500,
        "raw": [
          0.05449627895198425,
          0.07073556669961191,
          0.07929645833262412,
          0.05482420766211499,
          0.05205882105105124,
          0.07717032665699997,
          0.09334253485707455,
          0.07462802611952117,
          0.08158598722389912,
          0.08389502633092664,
          0.07948205494169845,
          0.05450461680772627,
          0.09603974602732189,
          0.05319976424094818,
          0.06387360675893601,
          0.07142498663276096,
          0.06288018763117939,
          0.07470626465699681,
          0.05402854764405872,
          0.060609769954836024,
          0.06844125796628223,
          0.10850391512936489,
          0.09418171006993518,
          0.07526724113145748,
          0.09187353476045652,
          0.044234260091615324,
          0.056598134350470744,
          0.06515596149640938,
          0.09741820024947594,
          0.05053176461021211,
          0.05626554747159787,
          0.07921333365091233,
          0.06879022073504756,
          0.0643188597235781,
          0.09282441493939653,
          0.06846015313344778,
          0.058195439993151354,
          0.07650625719843758,
          0.09641516628149599,
          0.1024115537857388,
          0.055422893911266535,
          0.06916799998760585,
          0.09145347773237482,
          0.10915289828597811,
          0.07682064637845697,
          0.08501954054217346,
          0.07692467835633804,
          0.08081628179501683
        ]
      },
      {
        "mean_kl_divergence": 0.06864041589307322,
        "median_kl_divergence": 0.06758172532506257,
        "max_kl_divergence": 0.09451263619844624,
        "stdev_kl_divergence": 0.013214426202753954,
        "positions_analyzed": 48,
        "min_samples_per_position": 500,
        "max_samples_per_position": 500,
        "raw": [
          0.05276016180421634,
          0.07905029283764703,
          0.07605709978726227,
          0.08679171939128143,
          0.06658970681989682,
          0.07490130698083947,
          0.0686787154026058,
          0.08043039587553355,
          0.07231749653569963,
          0.09164820956788211,
          0.04765369380264386,
          0.06032741634717338,
          0.07965271507782178,
          0.05625878376847113,
          0.05477028434287427,
          0.0804053124960962,
          0.05988430415812723,
          0.04465117144888011,
          0.050941665504333454,
          0.058046247249704,
          0.04976966953062331,
          0.0889191031232072,
          0.07855218422698626,
          0.05482777946698689,
          0.04790726960255977,
          0.09097624146524318,
          0.06731808600095658,
          0.07390616884529962,
          0.06758172532506257,
          0.0681442255924811,
          0.057463516549708035,
          0.09302529345440096,
          0.09451263619844624,
          0.06147429858231372,
          0.06330795013282176,
          0.05618612293730365,
          0.0777194159349867,
          0.061300804866541866,
          0.0870675860000962,
          0.07289399579481957,
          0.06995345498376737,
          0.0645446354025111,
          0.07990195348651566,
          0.057205324072869074,
          0.06185300244164881,
          0.07609460597318586,
          0.06302192356248569,
          0.06749429011469589
        ]
      },
      {
        "mean_kl_divergence": 0.07069876962194481,
        "median_kl_divergence": 0.07180255629586826,
        "max_kl_divergence": 0.09331310742051241,
        "stdev_kl_divergence": 0.01140700445604942,
        "positions_analyzed": 48,
        "min_samples_per_position": 500,
        "max_samples_per_position": 500,
        "raw": [
          0.08072928977130589,
          0.07805239706003121,
          0.08544651759209185,
          0.07191831722603209,
          0.07178762387316079,
          0.06175071697072117,
          0.054593904455348986,
          0.07186881075843185,
          0.05725432544582619,
          0.06245190470081302,
          0.06927244965006112,
          0.05692497399572083,
          0.0864218736979249,
          0.0753583487743844,
          0.06701235557645943,
          0.07131208564801797,
          0.08906693144569061,
          0.06824647777262703,
          0.07555224999687882,
          0.09331310742051241,
          0.07984860330811028,
          0.07180255629586826,
          0.08099291691766185,
          0.06043705665065399,
          0.07547052302200975,
          0.06969070687307434,
          0.0719425112205314,
          0.06637658292381801,
          0.07553558033092633,
          0.06813884204899447,
          0.06820218017818361,
          0.05555598126785651,
          0.0461833348631177,
          0.06379594542459616,
          0.047639125447635766,
          0.0700124309210528,
          0.0568936340283534,
          0.07390123885235907,
          0.05253800795439621,
          0.07631167845203532,
          0.06338802843819537,
          0.08810686789301707,
          0.07359987976898269,
          0.07777235704244548,
          0.0830751057247556,
          0.08472061666529258,
          0.09011625651366835,
          0.05315773099371805
        ]
      }
    ],
    "sample size": 500
  }
}