{
  "1": {
    "2025-09-29_18-48-34": {
      "mean_kl_divergence": 0.585917798641329,
      "stdev_kl_divergence": 0,
      "min_kl_divergence": 0.585917798641329,
      "max_kl_divergence": 0.585917798641329,
      "individual_trials": [
        0.585917798641329
      ]
    },
    "sample size": 100
  }
}