{
  "1": {
    "2025-09-29_15-19-15": [
      {
        "mean_kl_divergence": 0.008300950377494707,
        "median_kl_divergence": 0.008165612012776519,
        "max_kl_divergence": 0.011498933867363401,
        "stdev_kl_divergence": 0.0016033169308166757,
        "positions_analyzed": 48,
        "min_samples_per_position": 5000,
        "max_samples_per_position": 5000,
        "raw": [
          0.010832458256431945,
          0.0072848559854495456,
          0.006991018066055605,
          0.006717145032741909,
          0.005583733002169898,
          0.010046102629025968,
          0.007972284873831257,
          0.009630158788716377,
          0.0076549786368341356,
          0.008694871222061609,
          0.009197073623826546,
          0.010993994480445916,
          0.008545854508010563,
          0.008410606027388877,
          0.007071814022740196,
          0.005837501036566268,
          0.007628894323299124,
          0.010113680331716512,
          0.007363608694444956,
          0.005844742943501828,
          0.008853131677142979,
          0.011433228613461681,
          0.00846563708270085,
          0.007916159687959872,
          0.007670175126411965,
          0.009087972381379266,
          0.005580920794366373,
          0.007696341589134977,
          0.009782443374596439,
          0.00862328081079193,
          0.009629511605324931,
          0.007990426792764972,
          0.00853897502593226,
          0.006267501659254991,
          0.006116535240776693,
          0.006939884203455504,
          0.007605174628979115,
          0.00816487702673093,
          0.00833760847157668,
          0.008764650852480509,
          0.011482751230048795,
          0.010061157209984649,
          0.0062401907263825405,
          0.008165612012776519,
          0.007738102386696221,
          0.006842755549715913,
          0.010536302006295958,
          0.011498933867363401
        ]
      }
    ],
    "sample size": 5000
  }
}