{
  "1": {
    "2025-10-01_06-59-32": {
      "mean_kl_divergence": 2.2899151083319628e-05,
      "stdev_kl_divergence": 0,
      "min_kl_divergence": 2.2899151083319628e-05,
      "max_kl_divergence": 2.2899151083319628e-05,
      "individual_trials": [
        2.2899151083319628e-05
      ],
      "frequency_distribution_tables": [
        [
          {
            "F": 0.08398,
            "R'": 0.08364,
            "L'": 0.082708,
            "L": 0.083052,
            "R": 0.084292,
            "F'": 0.082852,
            "B'": 0.083048,
            "U'": 0.082972,
            "B": 0.082936,
            "U": 0.08334,
            "D": 0.083508,
            "D'": 0.083672
          },
          {
            "F": 20995,
            "R'": 20910,
            "L'": 20677,
            "L": 20763,
            "R": 21073,
            "F'": 20713,
            "B'": 20762,
            "U'": 20743,
            "B": 20734,
            "U": 20835,
            "D": 20877,
            "D'": 20918
          }
        ]
      ]
    },
    "sample size": 5000
  }
}