{
  "1": {
    "2025-10-01_06-48-17": {
      "mean_kl_divergence": 0.0019119605571018914,
      "stdev_kl_divergence": 0,
      "min_kl_divergence": 0.0019119605571018914,
      "max_kl_divergence": 0.0019119605571018914,
      "individual_trials": [
        0.0019119605571018914
      ],
      "frequency_distribution_tables": [
        [
          {
            "U'": 0.0862,
            "R": 0.0828,
            "R'": 0.0864,
            "F'": 0.0834,
            "B": 0.0758,
            "L": 0.0738,
            "L'": 0.0852,
            "F": 0.0838,
            "B'": 0.0824,
            "D": 0.0886,
            "U": 0.084,
            "D'": 0.0876
          },
          {
            "U'": 431,
            "R": 414,
            "R'": 432,
            "F'": 417,
            "B": 379,
            "L": 369,
            "L'": 426,
            "F": 419,
            "B'": 412,
            "D": 443,
            "U": 420,
            "D'": 438
          }
        ]
      ]
    },
    "sample size": 100
  }
}