{
  "1": {
    "2025-09-30_09-52-54": [
      {
        "mean_kl_divergence": 0.008693603368787437,
        "median_kl_divergence": 0.0089900745908892,
        "max_kl_divergence": 0.01234317220980169,
        "stdev_kl_divergence": 0.0015325211764741094,
        "positions_analyzed": 48,
        "min_samples_per_position": 5000,
        "max_samples_per_position": 5000,
        "raw": [
          0.007805020814082625,
          0.0091999612945684,
          0.009229558665960078,
          0.008273971493106895,
          0.009294659147610981,
          0.009250915831862041,
          0.009041387817503072,
          0.007537161414112864,
          0.01234317220980169,
          0.007649367477829639,
          0.0101927502537844,
          0.0101827985495719,
          0.009010766069080672,
          0.008387856060421348,
          0.007753658318963658,
          0.010354416759063631,
          0.009624526040891639,
          0.006103906206581567,
          0.009269296058981224,
          0.006712240127699056,
          0.007984030762677539,
          0.008567334109618213,
          0.006194380738217833,
          0.00811924037758566,
          0.011584794085251357,
          0.006320542050550541,
          0.009589751249486755,
          0.009025809427485392,
          0.0089900745908892,
          0.011579754883188086,
          0.010132983303704744,
          0.010676299598537282,
          0.005405618595982356,
          0.006902592720320281,
          0.008831375017635886,
          0.008181843816992312,
          0.0075570609447837105,
          0.009755288329711561,
          0.009393045769617994,
          0.006681691800712049,
          0.007574364796569439,
          0.01001506436868531,
          0.009464005240305133,
          0.007728283069800404,
          0.008779833161355418,
          0.0060135360982087865,
          0.010370894431963935,
          0.008656077750482494
        ],
        "bootstrap_ci": {
          "lower": 0.00827655392677519,
          "upper": 0.009120219144402544
        }
      },
      {
        "mean_kl_divergence": 0.008677824696370311,
        "median_kl_divergence": 0.00841963945383055,
        "max_kl_divergence": 0.012771641844801358,
        "stdev_kl_divergence": 0.0016731477542074429,
        "positions_analyzed": 48,
        "min_samples_per_position": 5000,
        "max_samples_per_position": 5000,
        "raw": [
          0.007740292301810186,
          0.006726629464767311,
          0.009174298885070577,
          0.0063674142185481605,
          0.006344580417894057,
          0.012768436996200713,
          0.009430779710199327,
          0.008272012901599006,
          0.008929183091089634,
          0.008176751491629093,
          0.007407014143854501,
          0.006428718149560542,
          0.010120058836569579,
          0.00538780930003879,
          0.008149014591495411,
          0.007655183457598265,
          0.00767137481848534,
          0.007208490976421818,
          0.008778365027804191,
          0.008351215991123704,
          0.007009270397861504,
          0.008803746018954239,
          0.007613976717033586,
          0.008546546097903018,
          0.007503335344097516,
          0.0070951564106079505,
          0.011433445008145224,
          0.012771641844801358,
          0.006751408336858089,
          0.00841963945383055,
          0.00919817650924997,
          0.009340635787570897,
          0.011859224423558778,
          0.01204626164622078,
          0.009497340326910414,
          0.007576939513339622,
          0.008081720214731148,
          0.007893591631103253,
          0.009502574158035074,
          0.010071379866895382,
          0.008272302695981927,
          0.009686189479124767,
          0.008792539991596699,
          0.010402094739542445,
          0.009448153275595169,
          0.010906663909433442,
          0.008935334557378598,
          0.007988672297653297
        ],
        "bootstrap_ci": {
          "lower": 0.00821262901914812,
          "upper": 0.009152445076122928
        }
      },
      {
        "mean_kl_divergence": 0.008864121627061928,
        "median_kl_divergence": 0.008784310362079299,
        "max_kl_divergence": 0.01326828007339238,
        "stdev_kl_divergence": 0.0016350971557442721,
        "positions_analyzed": 48,
        "min_samples_per_position": 5000,
        "max_samples_per_position": 5000,
        "raw": [
          0.011186810035852545,
          0.009791099935932331,
          0.010464799013165046,
          0.007687959708000798,
          0.011928855646910194,
          0.009355852115619399,
          0.005862819932080604,
          0.0064228043724622085,
          0.008350874730645472,
          0.007989947920866306,
          0.009394538068939067,
          0.0073346486620838106,
          0.008997919361186466,
          0.00808707687252632,
          0.007440591450772718,
          0.008784310362079299,
          0.0075873912164702104,
          0.011903345701031597,
          0.011496869552234711,
          0.007473338016851304,
          0.010411086011917982,
          0.009975902801816929,
          0.00850503196044286,
          0.0072141135220503486,
          0.008347726785861747,
          0.0069230081472153576,
          0.010029107107346094,
          0.008317631362239829,
          0.008940389254421933,
          0.010599880619206746,
          0.008958591895002789,
          0.009675381517918396,
          0.009137111844739686,
          0.005833052191209948,
          0.0069634966686114436,
          0.009905269731720151,
          0.009855154640512608,
          0.01089721791436933,
          0.00823809897311125,
          0.01326828007339238,
          0.006670429299815871,
          0.008900175874600435,
          0.008675618123858128,
          0.009797223232052088,
          0.008179376935762683,
          0.007028051290582406,
          0.008365032017332021,
          0.00832454562615063
        ],
        "bootstrap_ci": {
          "lower": 0.008410643363237429,
          "upper": 0.009329825191118336
        }
      }
    ],
    "sample size": 5000
  }
}